model_id,feature_name,shap_value,feature_value
lgbm_combine_chunk_01,feature_1_lag0,0.127224196110532,0.605450870843336
lgbm_combine_chunk_01,feature_12_lag0,-0.053899075457292,-0.871511673775297
lgbm_combine_chunk_01,feature_1_lag1,0.0348743926655219,1.09787871644578
lgbm_combine_chunk_01,feature_21_lag0,0.124827121409862,2.12105985740985
lgbm_combine_chunk_01,feature_7_lag0,-0.0211798534914893,0.402688375362579
lgbm_combine_chunk_01,feature_1_lag2,0.0964278131032089,-1.08957631633956
lgbm_combine_chunk_01,feature_7_lag1,0.145842129192328,-0.149345759990508
lgbm_combine_chunk_01,feature_6_lag0,0.0702320910705363,1.61661850308224
lgbm_combine_chunk_01,feature_5_lag0,0.0462624052310495,0.463413290532912
lgbm_combine_chunk_01,feature_13_lag0,-0.062588777086079,-1.71821503455847
lgbm_combine_chunk_01,feature_1_lag0,-0.104053840953984,0.626546383445001
lgbm_combine_chunk_01,feature_12_lag0,0.214638282597922,0.655077509809226
lgbm_combine_chunk_01,feature_1_lag1,0.0853992469999257,1.57915739822253
lgbm_combine_chunk_01,feature_21_lag0,-0.0362841730068111,0.436668129144943
lgbm_combine_chunk_01,feature_7_lag0,0.0874678482252821,-0.0596349023700627
lgbm_combine_chunk_01,feature_1_lag2,0.14282135382944,-0.157111376104343
lgbm_combine_chunk_01,feature_7_lag1,-0.203191209660921,-1.35830454430366
lgbm_combine_chunk_01,feature_6_lag0,0.145001111891242,1.57922687014017
lgbm_combine_chunk_01,feature_5_lag0,0.0774362270789391,-0.746728478985541
lgbm_combine_chunk_01,feature_13_lag0,0.0276281272288318,1.31939104835876
lgbm_combine_chunk_01,feature_1_lag0,-0.172256538813291,0.743950176044999
lgbm_combine_chunk_01,feature_12_lag0,0.0419991473212367,0.162366011727969
lgbm_combine_chunk_01,feature_1_lag1,0.0983389294780927,0.954345008156458
lgbm_combine_chunk_01,feature_21_lag0,-0.103439718899346,0.802380259298594
lgbm_combine_chunk_01,feature_7_lag0,0.0378088906964742,-0.431622058346008
lgbm_combine_chunk_01,feature_1_lag2,-0.101656282874948,-1.510263480272
lgbm_combine_chunk_01,feature_7_lag1,0.0386555356604443,-1.62395831610272
lgbm_combine_chunk_01,feature_6_lag0,0.0900062950095415,-0.708820115540142
lgbm_combine_chunk_01,feature_5_lag0,0.00988586850944116,1.5478714708434
lgbm_combine_chunk_01,feature_13_lag0,-0.0745152606104918,0.685165295228021
lgbm_combine_chunk_01,feature_1_lag0,-0.00599334623959976,1.49327684426393
lgbm_combine_chunk_01,feature_12_lag0,-0.146147076043488,0.667908456041786
lgbm_combine_chunk_01,feature_1_lag1,-0.0294978123345543,-3.51408152261661
lgbm_combine_chunk_01,feature_21_lag0,-0.169372288441514,-0.737228397144705
lgbm_combine_chunk_01,feature_7_lag0,-0.0300141084958713,1.15209642272806
lgbm_combine_chunk_01,feature_1_lag2,-0.0535992055692503,0.442986345851514
lgbm_combine_chunk_01,feature_7_lag1,-0.247503446731729,0.84844337288953
lgbm_combine_chunk_01,feature_6_lag0,-0.00570375571912844,0.592806911456164
lgbm_combine_chunk_01,feature_5_lag0,-0.0869729515499817,-0.15536705510512
lgbm_combine_chunk_01,feature_13_lag0,-0.0503781162510496,-0.610826654457582
lgbm_combine_chunk_01,feature_1_lag0,-0.0278613465694696,-0.224305189816918
lgbm_combine_chunk_01,feature_12_lag0,-0.0741657724215632,2.46518124601452
lgbm_combine_chunk_01,feature_1_lag1,-0.226354359203239,0.840480737543653
lgbm_combine_chunk_01,feature_21_lag0,-0.0691533463752919,0.723106565228091
lgbm_combine_chunk_01,feature_7_lag0,0.0148071304746821,0.14805232368054
lgbm_combine_chunk_01,feature_1_lag2,-0.0101739620604214,0.76847674116752
lgbm_combine_chunk_01,feature_7_lag1,-0.102236022559205,0.825224862178115
lgbm_combine_chunk_01,feature_6_lag0,-0.0441699860555072,1.1667000730247
lgbm_combine_chunk_01,feature_5_lag0,0.026215634563152,0.983696639689766
lgbm_combine_chunk_01,feature_13_lag0,-0.0376132773290947,-0.173429615932289
lgbm_combine_chunk_01,feature_1_lag0,0.0883716419194034,1.01525334135953
lgbm_combine_chunk_01,feature_12_lag0,-0.144797825047207,-0.715559382408129
lgbm_combine_chunk_01,feature_1_lag1,0.0192080190858335,-0.706061073266602
lgbm_combine_chunk_01,feature_21_lag0,-0.0109907764367229,0.414662519685089
lgbm_combine_chunk_01,feature_7_lag0,-0.0150624127593764,-0.274806826217275
lgbm_combine_chunk_01,feature_1_lag2,0.125834272586817,-0.517528317407916
lgbm_combine_chunk_01,feature_7_lag1,-0.00432261376495431,2.09602936008344
lgbm_combine_chunk_01,feature_6_lag0,0.00428182754384056,1.31879261126367
lgbm_combine_chunk_01,feature_5_lag0,-0.0167353936602525,1.14374946683304
lgbm_combine_chunk_01,feature_13_lag0,-0.046528537379974,-1.10088528807755
lgbm_combine_chunk_01,feature_1_lag0,0.018457823187254,-1.49853231333987
lgbm_combine_chunk_01,feature_12_lag0,-0.0811138039253851,1.22616642058746
lgbm_combine_chunk_01,feature_1_lag1,-0.112905568966479,0.125601152449462
lgbm_combine_chunk_01,feature_21_lag0,0.143322095962209,0.382461744799756
lgbm_combine_chunk_01,feature_7_lag0,0.147270666508143,-0.101724105241183
lgbm_combine_chunk_01,feature_1_lag2,-0.0608992838704614,0.0337560752038409
lgbm_combine_chunk_01,feature_7_lag1,-0.140928687290677,-0.61630021904415
lgbm_combine_chunk_01,feature_6_lag0,0.0724207255601835,1.71242519022686
lgbm_combine_chunk_01,feature_5_lag0,0.227093051018915,0.0772761012043619
lgbm_combine_chunk_01,feature_13_lag0,0.00701629706206069,-0.183065992282494
lgbm_combine_chunk_01,feature_1_lag0,-0.0516726347542008,0.807606267458333
lgbm_combine_chunk_01,feature_12_lag0,0.0964358287588915,0.109352518797726
lgbm_combine_chunk_01,feature_1_lag1,0.0134500527728084,-1.80348817542695
lgbm_combine_chunk_01,feature_21_lag0,-0.00657076794161532,1.24559187372071
lgbm_combine_chunk_01,feature_7_lag0,-0.003103978472979,-0.395365656743173
lgbm_combine_chunk_01,feature_1_lag2,-0.0664436071529356,1.17185752290561
lgbm_combine_chunk_01,feature_7_lag1,0.0756238502516632,0.0619929129655101
lgbm_combine_chunk_01,feature_6_lag0,-0.0134543833836475,0.682350590629968
lgbm_combine_chunk_01,feature_5_lag0,-0.0315189928981124,-0.159684929382117
lgbm_combine_chunk_01,feature_13_lag0,-0.0291191597205918,0.0626165665888137
lgbm_combine_chunk_01,feature_1_lag0,0.0535340744638543,-0.0672878905224626
lgbm_combine_chunk_01,feature_12_lag0,-0.0321636927433222,-0.560623322026704
lgbm_combine_chunk_01,feature_1_lag1,0.0153153115306039,0.552739819576832
lgbm_combine_chunk_01,feature_21_lag0,0.0956261949678436,-0.16730935558779
lgbm_combine_chunk_01,feature_7_lag0,0.0244518563990204,-0.117944204861257
lgbm_combine_chunk_01,feature_1_lag2,-0.0570798644955514,-2.03772042459766
lgbm_combine_chunk_01,feature_7_lag1,0.109093521962815,1.83139749918931
lgbm_combine_chunk_01,feature_6_lag0,-0.138160480765344,-0.104387650757713
lgbm_combine_chunk_01,feature_5_lag0,0.242257378169407,1.47918927946345
lgbm_combine_chunk_01,feature_13_lag0,-0.0460769391972771,-0.874847555336849
lgbm_combine_chunk_01,feature_1_lag0,0.0940049284668422,-1.08452203045275
lgbm_combine_chunk_01,feature_12_lag0,-0.142965584047502,-0.752051221528167
lgbm_combine_chunk_01,feature_1_lag1,-0.0725376733593053,-1.27367595082703
lgbm_combine_chunk_01,feature_21_lag0,0.111097107842954,-1.20204912297797
lgbm_combine_chunk_01,feature_7_lag0,0.0252823495481771,-0.721262596353712
lgbm_combine_chunk_01,feature_1_lag2,0.107245582763948,-2.10890298731883
lgbm_combine_chunk_01,feature_7_lag1,-0.0374784057544987,-0.323557158773049
lgbm_combine_chunk_01,feature_6_lag0,-0.192961467867367,-0.174115613729854
lgbm_combine_chunk_01,feature_5_lag0,-0.109815703125896,1.26702772737444
lgbm_combine_chunk_01,feature_13_lag0,0.0486151582886558,0.598559384621471
lgbm_combine_chunk_01,feature_1_lag0,0.0838907010478091,1.73514953533393
lgbm_combine_chunk_01,feature_12_lag0,-0.0417432470370663,0.65849627751748
lgbm_combine_chunk_01,feature_1_lag1,0.0131795860627209,-0.983206393190489
lgbm_combine_chunk_01,feature_21_lag0,-0.0502791409484992,-0.905779091490439
lgbm_combine_chunk_01,feature_7_lag0,0.00332781544266679,-0.329901871300494
lgbm_combine_chunk_01,feature_1_lag2,0.00175164089900668,1.12411592754028
lgbm_combine_chunk_01,feature_7_lag1,0.132065755262316,-0.409449136456453
lgbm_combine_chunk_01,feature_6_lag0,0.0822020115264979,0.526051321181805
lgbm_combine_chunk_01,feature_5_lag0,0.00355797942387397,1.24618992345304
lgbm_combine_chunk_01,feature_13_lag0,0.0605495611765074,-1.21208718892726
lgbm_combine_chunk_01,feature_1_lag0,0.0247792322923121,-1.25570169768109
lgbm_combine_chunk_01,feature_12_lag0,0.0523503563233173,1.62056792212465
lgbm_combine_chunk_01,feature_1_lag1,0.0500844276150387,1.31992968330959
lgbm_combine_chunk_01,feature_21_lag0,-0.0151647686844748,-0.170060257386847
lgbm_combine_chunk_01,feature_7_lag0,0.084374179274835,0.900912195801901
lgbm_combine_chunk_01,feature_1_lag2,-0.0984573895117635,0.999965452600782
lgbm_combine_chunk_01,feature_7_lag1,-0.035297266908149,0.251172857131436
lgbm_combine_chunk_01,feature_6_lag0,0.0725287500985781,-0.0620518409149047
lgbm_combine_chunk_01,feature_5_lag0,0.0696049413527954,0.579969376910348
lgbm_combine_chunk_01,feature_13_lag0,-0.122431685562416,1.04441046105346
lgbm_combine_chunk_01,feature_1_lag0,-0.0160732654827587,0.260727693500855
lgbm_combine_chunk_01,feature_12_lag0,-0.0388671324577934,0.791060397397905
lgbm_combine_chunk_01,feature_1_lag1,-0.0569349413485525,0.419190181078068
lgbm_combine_chunk_01,feature_21_lag0,-0.0181118007143722,-1.90986672826125
lgbm_combine_chunk_01,feature_7_lag0,0.0404049590215634,0.53231959675484
lgbm_combine_chunk_01,feature_1_lag2,-0.13567207473639,-1.22748714183828
lgbm_combine_chunk_01,feature_7_lag1,0.182229248400777,0.67295040310134
lgbm_combine_chunk_01,feature_6_lag0,-0.0739814746974845,0.461327868008378
lgbm_combine_chunk_01,feature_5_lag0,0.0268645789780898,1.44308463905257
lgbm_combine_chunk_01,feature_13_lag0,0.161059798266738,-0.163533751301399
lgbm_combine_chunk_01,feature_1_lag0,0.0468578619602017,1.08179789993233
lgbm_combine_chunk_01,feature_12_lag0,0.00173743332159279,0.775942249369127
lgbm_combine_chunk_01,feature_1_lag1,-0.10088638231707,-2.11928382685205
lgbm_combine_chunk_01,feature_21_lag0,-0.210090932509281,0.41308947903084
lgbm_combine_chunk_01,feature_7_lag0,-0.0479902151502129,-0.315267236975171
lgbm_combine_chunk_01,feature_1_lag2,-0.125433284517159,0.573779325004505
lgbm_combine_chunk_01,feature_7_lag1,0.00942588226944548,0.0815060532009822
lgbm_combine_chunk_01,feature_6_lag0,-0.0731618153101823,-0.689770840941821
lgbm_combine_chunk_01,feature_5_lag0,0.0548180740927654,-0.520881940261662
lgbm_combine_chunk_01,feature_13_lag0,-0.182780389845841,1.34721731582812
lgbm_combine_chunk_01,feature_1_lag0,-0.0490036473688555,0.0958895144900471
lgbm_combine_chunk_01,feature_12_lag0,-0.0726936782957123,-0.16915569295743
lgbm_combine_chunk_01,feature_1_lag1,0.0145050218639381,0.71776663607766
lgbm_combine_chunk_01,feature_21_lag0,-0.0584275657732959,0.096940600111217
lgbm_combine_chunk_01,feature_7_lag0,0.103949733571155,1.12242117663216
lgbm_combine_chunk_01,feature_1_lag2,-0.0370245919606112,-0.800545183568065
lgbm_combine_chunk_01,feature_7_lag1,0.0154050259841727,-1.47731270754943
lgbm_combine_chunk_01,feature_6_lag0,0.00799213838582195,-1.621051975461
lgbm_combine_chunk_01,feature_5_lag0,-0.0187251202519031,0.79494670922131
lgbm_combine_chunk_01,feature_13_lag0,0.0036597245161251,1.04644963827947
lgbm_combine_chunk_01,feature_1_lag0,0.073231078225198,-0.715934444081591
lgbm_combine_chunk_01,feature_12_lag0,-0.122141100481082,0.61526714431447
lgbm_combine_chunk_01,feature_1_lag1,-0.244492132716264,2.72312856515946
lgbm_combine_chunk_01,feature_21_lag0,0.0472023183161125,0.246510583448234
lgbm_combine_chunk_01,feature_7_lag0,0.0867723865953713,1.92416157258918
lgbm_combine_chunk_01,feature_1_lag2,0.00211737544309889,0.297630908006191
lgbm_combine_chunk_01,feature_7_lag1,0.145998331718706,0.371512527247353
lgbm_combine_chunk_01,feature_6_lag0,-0.164326173329,-0.36913540618574
lgbm_combine_chunk_01,feature_5_lag0,0.0195438223250467,-0.131686182903638
lgbm_combine_chunk_01,feature_13_lag0,-0.1228899670221,-1.27835206075293
lgbm_combine_chunk_01,feature_1_lag0,0.046381713404009,0.480715149827167
lgbm_combine_chunk_01,feature_12_lag0,0.216087913702226,-0.731760209375882
lgbm_combine_chunk_01,feature_1_lag1,0.106795545594848,0.548910333235767
lgbm_combine_chunk_01,feature_21_lag0,-0.0558679772994811,1.81238273868371
lgbm_combine_chunk_01,feature_7_lag0,-0.0812783444139196,0.39913602501224
lgbm_combine_chunk_01,feature_1_lag2,-0.0436835371843087,0.766948717876389
lgbm_combine_chunk_01,feature_7_lag1,-0.0751583600635673,-0.826894021303323
lgbm_combine_chunk_01,feature_6_lag0,0.238792215366004,1.15764222518158
lgbm_combine_chunk_01,feature_5_lag0,-0.0840329305964128,1.00171380152363
lgbm_combine_chunk_01,feature_13_lag0,0.0799109001719275,-1.12082410126386
lgbm_combine_chunk_01,feature_1_lag0,-0.0977043988155009,0.580306975115636
lgbm_combine_chunk_01,feature_12_lag0,-0.0688913371532253,-1.03202072098307
lgbm_combine_chunk_01,feature_1_lag1,-0.139628709099406,-0.121423540904369
lgbm_combine_chunk_01,feature_21_lag0,-0.0133668762092637,0.307769713508864
lgbm_combine_chunk_01,feature_7_lag0,0.0465312139456194,2.46774087568009
lgbm_combine_chunk_01,feature_1_lag2,-0.00177000627677572,-0.47462255649361
lgbm_combine_chunk_01,feature_7_lag1,-0.0422905640384941,0.468005517381095
lgbm_combine_chunk_01,feature_6_lag0,-0.0723576456815934,2.69084957821089
lgbm_combine_chunk_01,feature_5_lag0,0.00984566939954645,-0.0305321396917562
lgbm_combine_chunk_01,feature_13_lag0,0.0813540290867359,0.242718270388396
lgbm_combine_chunk_01,feature_1_lag0,0.137186943109562,0.967297114099159
lgbm_combine_chunk_01,feature_12_lag0,-0.0924288241913422,0.591870479756432
lgbm_combine_chunk_01,feature_1_lag1,0.0943306230777568,-1.06733018939902
lgbm_combine_chunk_01,feature_21_lag0,-0.100068703816449,-0.729729034257593
lgbm_combine_chunk_01,feature_7_lag0,0.0768489140325354,-0.389158428042591
lgbm_combine_chunk_01,feature_1_lag2,-0.0646278974283344,-0.0362421389300325
lgbm_combine_chunk_01,feature_7_lag1,-0.0826490986386147,1.38260391783637
lgbm_combine_chunk_01,feature_6_lag0,-0.0820125368993295,-0.760569339109452
lgbm_combine_chunk_01,feature_5_lag0,-0.116247931072223,1.81560627221786
lgbm_combine_chunk_01,feature_13_lag0,0.0143606083173953,2.12305474278859
lgbm_combine_chunk_01,feature_1_lag0,0.0403361491506768,-1.12156740079343
lgbm_combine_chunk_01,feature_12_lag0,0.208016356460709,-0.892160043295282
lgbm_combine_chunk_01,feature_1_lag1,0.0582856556324362,1.11215628115121
lgbm_combine_chunk_01,feature_21_lag0,0.0720302468407009,0.630042984544847
lgbm_combine_chunk_01,feature_7_lag0,0.154350211503901,-0.294370948743199
lgbm_combine_chunk_01,feature_1_lag2,-0.135268556575377,0.0876460411744676
lgbm_combine_chunk_01,feature_7_lag1,-0.0523749430762159,-0.402955525565317
lgbm_combine_chunk_01,feature_6_lag0,0.00393645474843962,1.81996410169639
lgbm_combine_chunk_01,feature_5_lag0,-0.0491871134417141,1.11263112275209
lgbm_combine_chunk_01,feature_13_lag0,0.0474752694236895,1.31704639894191
lgbm_combine_chunk_01,feature_1_lag0,0.0118528075430634,-0.666592580276629
lgbm_combine_chunk_01,feature_12_lag0,-0.0713035556177121,1.83120130313012
lgbm_combine_chunk_01,feature_1_lag1,-0.0386008638589857,1.59959858183358
lgbm_combine_chunk_01,feature_21_lag0,0.0140140114400908,1.46848822447277
lgbm_combine_chunk_01,feature_7_lag0,8.60795938331749e-05,1.29581215565575
lgbm_combine_chunk_01,feature_1_lag2,-0.0422751727485383,0.689238726001535
lgbm_combine_chunk_01,feature_7_lag1,-0.160814768928167,-0.2814814278151
lgbm_combine_chunk_01,feature_6_lag0,-0.0364950921095298,-1.50742234976799
lgbm_combine_chunk_01,feature_5_lag0,-0.154734149690993,0.630274078127603
lgbm_combine_chunk_01,feature_13_lag0,0.0874265399076902,0.227114621971434
lgbm_combine_chunk_01,feature_1_lag0,0.0558271486663101,1.17295428676764
lgbm_combine_chunk_01,feature_12_lag0,-0.0315784183798279,-2.24499144800248
lgbm_combine_chunk_01,feature_1_lag1,0.00290868777034331,-1.40589233812274
lgbm_combine_chunk_01,feature_21_lag0,-0.0973656892794412,-0.284967734684568
lgbm_combine_chunk_01,feature_7_lag0,0.14322619232994,1.46522239381301
lgbm_combine_chunk_01,feature_1_lag2,0.131822849994099,-0.296888311557629
lgbm_combine_chunk_01,feature_7_lag1,-0.0351255410479042,-1.85234092881106
lgbm_combine_chunk_01,feature_6_lag0,0.00526110231466513,0.900378719049712
lgbm_combine_chunk_01,feature_5_lag0,-0.0417146045864653,2.72602384729659
lgbm_combine_chunk_01,feature_13_lag0,0.0614393175322257,-1.03658340633068
lgbm_combine_chunk_01,feature_1_lag0,0.0156433982325878,-0.492168502709609
lgbm_combine_chunk_01,feature_12_lag0,-0.169973429850647,0.75962505312151
lgbm_combine_chunk_01,feature_1_lag1,-0.0856224220074953,-1.43745151859892
lgbm_combine_chunk_01,feature_21_lag0,-0.10046275661317,-0.264793277785191
lgbm_combine_chunk_01,feature_7_lag0,0.0858464828648599,0.254896799367782
lgbm_combine_chunk_01,feature_1_lag2,0.134764801538565,1.24204618445137
lgbm_combine_chunk_01,feature_7_lag1,-0.0760154701314187,-0.311459341969424
lgbm_combine_chunk_01,feature_6_lag0,-0.0178926019439477,0.119090509640645
lgbm_combine_chunk_01,feature_5_lag0,-0.00413929577046817,-1.22629364705352
lgbm_combine_chunk_01,feature_13_lag0,0.0209201867410523,0.499214567871644
lgbm_combine_chunk_01,feature_1_lag0,0.0560478211240651,-1.00132011682864
lgbm_combine_chunk_01,feature_12_lag0,-0.285547681924128,-0.111809332995454
lgbm_combine_chunk_01,feature_1_lag1,-0.0421009576796519,-1.20053000049544
lgbm_combine_chunk_01,feature_21_lag0,-0.0675146011277627,0.346777863859153
lgbm_combine_chunk_01,feature_7_lag0,-0.00306072975469296,-0.125130468561139
lgbm_combine_chunk_01,feature_1_lag2,0.073135499413549,0.487469897888683
lgbm_combine_chunk_01,feature_7_lag1,-0.0165111678484774,0.792951969747349
lgbm_combine_chunk_01,feature_6_lag0,0.20210028404819,0.872482551409059
lgbm_combine_chunk_01,feature_5_lag0,-3.17204183019723e-05,0.454689193687633
lgbm_combine_chunk_01,feature_13_lag0,-0.0524066890625622,-0.774582353670316
lgbm_combine_chunk_01,feature_1_lag0,0.0580295388399553,-0.368135244518019
lgbm_combine_chunk_01,feature_12_lag0,-0.126544633742502,0.0504017711630681
lgbm_combine_chunk_01,feature_1_lag1,-0.0324168714644979,1.94647103828072
lgbm_combine_chunk_01,feature_21_lag0,0.0448073349823527,0.886034035810087
lgbm_combine_chunk_01,feature_7_lag0,0.00476765487853735,-0.855141144334482
lgbm_combine_chunk_01,feature_1_lag2,-0.0633172965353904,0.941571351313792
lgbm_combine_chunk_01,feature_7_lag1,-0.133338989664277,-0.374422449249665
lgbm_combine_chunk_01,feature_6_lag0,-0.0614897106657907,-2.24268596442623
lgbm_combine_chunk_01,feature_5_lag0,-0.106268532298184,0.148043797251625
lgbm_combine_chunk_01,feature_13_lag0,0.0477685013234777,-1.3191898821445
lgbm_combine_chunk_01,feature_1_lag0,-0.0108047090676091,0.755035641763932
lgbm_combine_chunk_01,feature_12_lag0,-0.088295181490125,-0.247003103402205
lgbm_combine_chunk_01,feature_1_lag1,-0.114154370240891,0.410415024877608
lgbm_combine_chunk_01,feature_21_lag0,0.157824271687703,1.61402103636302
lgbm_combine_chunk_01,feature_7_lag0,-0.225826630981214,0.984530447060034
lgbm_combine_chunk_01,feature_1_lag2,-0.122148447776127,1.78186299455978
lgbm_combine_chunk_01,feature_7_lag1,-0.0849824759090157,1.60684625603217
lgbm_combine_chunk_01,feature_6_lag0,-0.0320138711431586,-0.195659249015638
lgbm_combine_chunk_01,feature_5_lag0,-0.0782365761744714,-0.272720984290156
lgbm_combine_chunk_01,feature_13_lag0,-0.109244542570342,0.705422220280227
lgbm_combine_chunk_01,feature_1_lag0,0.000672636341061491,-0.998111357318546
lgbm_combine_chunk_01,feature_12_lag0,-0.0858560143789387,-2.00108606065435
lgbm_combine_chunk_01,feature_1_lag1,0.00206916310504089,1.6189637132808
lgbm_combine_chunk_01,feature_21_lag0,0.00402744941387439,2.02426942747621
lgbm_combine_chunk_01,feature_7_lag0,-0.0402433687332581,1.41982633479156
lgbm_combine_chunk_01,feature_1_lag2,-0.0366320621589591,-0.247499780749142
lgbm_combine_chunk_01,feature_7_lag1,0.0491689410911014,-0.402837758157629
lgbm_combine_chunk_01,feature_6_lag0,0.0356357429171792,1.26465185567125
lgbm_combine_chunk_01,feature_5_lag0,-0.0568191359213834,1.08903326145538
lgbm_combine_chunk_01,feature_13_lag0,-0.0743820923236309,1.53547833030378
lgbm_combine_chunk_01,feature_1_lag0,-0.024584031943606,0.183576295690711
lgbm_combine_chunk_01,feature_12_lag0,0.149942396683507,-0.436105605919169
lgbm_combine_chunk_01,feature_1_lag1,-0.163338199920777,-1.84744058297213
lgbm_combine_chunk_01,feature_21_lag0,-0.140718412839096,1.31455820601972
lgbm_combine_chunk_01,feature_7_lag0,-0.10109088976533,-0.725297242369402
lgbm_combine_chunk_01,feature_1_lag2,0.0814560333310844,0.226510724160387
lgbm_combine_chunk_01,feature_7_lag1,-0.0421260659368772,-1.27979593719317
lgbm_combine_chunk_01,feature_6_lag0,-0.00151454550881496,0.352621317502493
lgbm_combine_chunk_01,feature_5_lag0,-0.0394602620320914,-0.446764562547861
lgbm_combine_chunk_01,feature_13_lag0,-0.0713499144183245,-0.839963587532525
lgbm_combine_chunk_01,feature_1_lag0,0.19637782673684,0.746210465137506
lgbm_combine_chunk_01,feature_12_lag0,0.0547717775181459,1.27866844734329
lgbm_combine_chunk_01,feature_1_lag1,0.101038170947917,-0.961065817878504
lgbm_combine_chunk_01,feature_21_lag0,-0.119292629597436,0.918036095845199
lgbm_combine_chunk_01,feature_7_lag0,0.0524755510869669,-1.8039816300071
lgbm_combine_chunk_01,feature_1_lag2,-0.125406625560588,0.0311129020582632
lgbm_combine_chunk_01,feature_7_lag1,0.0976755473827997,-0.673852790889261
lgbm_combine_chunk_01,feature_6_lag0,0.060492263472894,-1.10824603052186
lgbm_combine_chunk_01,feature_5_lag0,0.0501442798257881,-0.888679535875302
lgbm_combine_chunk_01,feature_13_lag0,-0.140877883889293,-0.193044199968596
lgbm_combine_chunk_01,feature_1_lag0,0.21886020800028,0.449995263573763
lgbm_combine_chunk_01,feature_12_lag0,-0.0628172963707895,-0.357421224700473
lgbm_combine_chunk_01,feature_1_lag1,-0.0420750105179143,1.92247594525464
lgbm_combine_chunk_01,feature_21_lag0,0.191488501691492,0.249761752085358
lgbm_combine_chunk_01,feature_7_lag0,-0.0316716797815961,0.648786339062725
lgbm_combine_chunk_01,feature_1_lag2,-0.179267552243256,-0.824350670014204
lgbm_combine_chunk_01,feature_7_lag1,-0.00947607923865511,-1.67821579437457
lgbm_combine_chunk_01,feature_6_lag0,0.0925862114589973,0.703984090878344
lgbm_combine_chunk_01,feature_5_lag0,-0.0541346608507278,-1.63437932579544
lgbm_combine_chunk_01,feature_13_lag0,0.14856006885965,-0.971434932945575
lgbm_combine_chunk_01,feature_1_lag0,0.154530181631393,-0.225137297578907
lgbm_combine_chunk_01,feature_12_lag0,0.0277543224087226,0.190154207588523
lgbm_combine_chunk_01,feature_1_lag1,0.206805495965134,-0.947030320312877
lgbm_combine_chunk_01,feature_21_lag0,0.0459976194470256,-0.820563880228417
lgbm_combine_chunk_01,feature_7_lag0,-0.0139213435978226,-0.453782676583954
lgbm_combine_chunk_01,feature_1_lag2,-0.0406781702490996,0.319679632003298
lgbm_combine_chunk_01,feature_7_lag1,-0.0463924331904014,0.627650841287764
lgbm_combine_chunk_01,feature_6_lag0,-0.231037456720023,-0.76528599588841
lgbm_combine_chunk_01,feature_5_lag0,0.0997377840343709,1.09291497172632
lgbm_combine_chunk_01,feature_13_lag0,0.0664673508612363,-0.978212513200492
lgbm_combine_chunk_01,feature_1_lag0,-0.0740950516031891,-0.285036690289418
lgbm_combine_chunk_01,feature_12_lag0,0.254059499416824,-2.23608938805924
lgbm_combine_chunk_01,feature_1_lag1,-0.102990725220901,-1.25998364287339
lgbm_combine_chunk_01,feature_21_lag0,0.0632318205012759,0.479831213233206
lgbm_combine_chunk_01,feature_7_lag0,-0.0658417407974813,-0.393805511480518
lgbm_combine_chunk_01,feature_1_lag2,-0.0615288913070412,-0.630103744203313
lgbm_combine_chunk_01,feature_7_lag1,0.100783660971617,2.39373495172199
lgbm_combine_chunk_01,feature_6_lag0,0.0529085325404107,0.196298806680339
lgbm_combine_chunk_01,feature_5_lag0,-0.0152645558459633,0.340755045866316
lgbm_combine_chunk_01,feature_13_lag0,-0.073420375280376,0.976739071510156
lgbm_combine_chunk_01,feature_1_lag0,-0.0254873193907324,0.568556163779639
lgbm_combine_chunk_01,feature_12_lag0,0.160276772683372,-1.09861305804517
lgbm_combine_chunk_01,feature_1_lag1,-0.0790612373086281,-0.628207883009261
lgbm_combine_chunk_01,feature_21_lag0,0.0267822701651236,1.23025006588645
lgbm_combine_chunk_01,feature_7_lag0,-0.129598030141685,0.151972438970893
lgbm_combine_chunk_01,feature_1_lag2,-0.140451458915464,0.523322168514498
lgbm_combine_chunk_01,feature_7_lag1,0.00193228112450173,0.64210452858929
lgbm_combine_chunk_01,feature_6_lag0,0.0728281878339163,2.12186923669314
lgbm_combine_chunk_01,feature_5_lag0,0.0983420709730843,1.48626927601909
lgbm_combine_chunk_01,feature_13_lag0,-0.0958416371418639,1.06118753474305
lgbm_combine_chunk_01,feature_1_lag0,0.0381435103807745,-0.52959268180917
lgbm_combine_chunk_01,feature_12_lag0,0.0334934892155018,-0.192897717440714
lgbm_combine_chunk_01,feature_1_lag1,0.00816353256552148,0.0880609378269336
lgbm_combine_chunk_01,feature_21_lag0,-0.0748118334382166,0.53869078596319
lgbm_combine_chunk_01,feature_7_lag0,0.103432479753097,-0.415472368169933
lgbm_combine_chunk_01,feature_1_lag2,0.0387916953738708,0.938200430995106
lgbm_combine_chunk_01,feature_7_lag1,0.1680466700176,-0.910959456545219
lgbm_combine_chunk_01,feature_6_lag0,-0.0459232332873527,0.33308456543564
lgbm_combine_chunk_01,feature_5_lag0,-0.074708709666615,0.184700392319446
lgbm_combine_chunk_01,feature_13_lag0,-0.0150075835442512,-0.495954002342976
lgbm_combine_chunk_01,feature_1_lag0,-0.208729745812344,-0.419132516905316
lgbm_combine_chunk_01,feature_12_lag0,-0.10463029878385,-1.46465557080922
lgbm_combine_chunk_01,feature_1_lag1,0.00879814086233067,0.815924376981413
lgbm_combine_chunk_01,feature_21_lag0,0.0278287579728497,0.044819325708806
lgbm_combine_chunk_01,feature_7_lag0,-0.0336130779234211,1.4076163586021
lgbm_combine_chunk_01,feature_1_lag2,-0.122246500373957,0.330870644709235
lgbm_combine_chunk_01,feature_7_lag1,0.0871244696325445,-0.749073828848874
lgbm_combine_chunk_01,feature_6_lag0,0.019917896995127,0.600778616339696
lgbm_combine_chunk_01,feature_5_lag0,-0.0602538511124953,0.409659477036798
lgbm_combine_chunk_01,feature_13_lag0,-0.0360475707885586,1.31149554345439
lgbm_combine_chunk_01,feature_1_lag0,0.0236493725203426,0.585400583600825
lgbm_combine_chunk_01,feature_12_lag0,0.138242407779714,-0.339066692435672
lgbm_combine_chunk_01,feature_1_lag1,0.0525948855720209,0.837712865211348
lgbm_combine_chunk_01,feature_21_lag0,0.0863475102416972,0.988727166466059
lgbm_combine_chunk_01,feature_7_lag0,-0.110551979559598,-0.452929726196994
lgbm_combine_chunk_01,feature_1_lag2,-0.164123244303781,0.347985922326102
lgbm_combine_chunk_01,feature_7_lag1,0.156933253466246,-1.54785014758961
lgbm_combine_chunk_01,feature_6_lag0,-0.072312263337709,-0.148364203030107
lgbm_combine_chunk_01,feature_5_lag0,-0.00740109410651529,-0.0826249080432081
lgbm_combine_chunk_01,feature_13_lag0,0.0722341757285889,1.4967480962387
lgbm_combine_chunk_01,feature_1_lag0,-0.0630873618863796,0.629217481898255
lgbm_combine_chunk_01,feature_12_lag0,-0.0488942211182559,-0.471382547338389
lgbm_combine_chunk_01,feature_1_lag1,-0.140297779857125,1.94035405187708
lgbm_combine_chunk_01,feature_21_lag0,0.0476181201440416,-0.591480059864354
lgbm_combine_chunk_01,feature_7_lag0,-0.0812841337317323,0.939783658560373
lgbm_combine_chunk_01,feature_1_lag2,0.17750483170448,0.957977404743569
lgbm_combine_chunk_01,feature_7_lag1,0.061365170998014,-0.217155905686197
lgbm_combine_chunk_01,feature_6_lag0,-0.0810406786645108,-0.655170232547003
lgbm_combine_chunk_01,feature_5_lag0,-0.0363903389348328,-1.28556653842875
lgbm_combine_chunk_01,feature_13_lag0,-0.0335722713252235,-0.410232299623137
lgbm_combine_chunk_01,feature_1_lag0,0.082486120668711,0.0887114641197842
lgbm_combine_chunk_01,feature_12_lag0,0.163928536403845,-1.76661035463208
lgbm_combine_chunk_01,feature_1_lag1,-0.00847086669396116,-1.33385646771671
lgbm_combine_chunk_01,feature_21_lag0,0.0372635659500025,0.251837372123813
lgbm_combine_chunk_01,feature_7_lag0,0.0699424321921115,-0.699764171235828
lgbm_combine_chunk_01,feature_1_lag2,-0.150878617978005,0.267220402242858
lgbm_combine_chunk_01,feature_7_lag1,-0.00237864422718848,-1.1221173538299
lgbm_combine_chunk_01,feature_6_lag0,0.0852709291622423,-0.244765175412216
lgbm_combine_chunk_01,feature_5_lag0,0.0965867960319043,0.182914721280125
lgbm_combine_chunk_01,feature_13_lag0,-0.0874712577216472,-0.383068543563859
lgbm_combine_chunk_01,feature_1_lag0,-0.0807958808634892,-0.204486029118473
lgbm_combine_chunk_01,feature_12_lag0,-0.0282060304464199,-0.27106912664972
lgbm_combine_chunk_01,feature_1_lag1,0.0647503632002826,0.0103887932442809
lgbm_combine_chunk_01,feature_21_lag0,-0.0251902403412661,-0.0157608439209492
lgbm_combine_chunk_01,feature_7_lag0,-0.157462886798117,0.372813949626944
lgbm_combine_chunk_01,feature_1_lag2,-0.00249535400542067,1.04322262645995
lgbm_combine_chunk_01,feature_7_lag1,0.152760119156613,-1.04879580209133
lgbm_combine_chunk_01,feature_6_lag0,-0.00929761354283438,0.210140490839488
lgbm_combine_chunk_01,feature_5_lag0,0.137508661050415,0.184397941387605
lgbm_combine_chunk_01,feature_13_lag0,0.0594710679909183,-0.689049644033952
lgbm_combine_chunk_01,feature_1_lag0,-0.0439585917326074,1.2559681129398
lgbm_combine_chunk_01,feature_12_lag0,-0.0442521587812301,0.47570122464108
lgbm_combine_chunk_01,feature_1_lag1,0.139394733565036,-1.60229442674492
lgbm_combine_chunk_01,feature_21_lag0,0.0366549013221078,-0.650765890564775
lgbm_combine_chunk_01,feature_7_lag0,0.0319219448978267,1.1515367585715
lgbm_combine_chunk_01,feature_1_lag2,0.0742348536945142,2.11072266175229
lgbm_combine_chunk_01,feature_7_lag1,-0.0436501158616239,1.23719771228036
lgbm_combine_chunk_01,feature_6_lag0,-0.00560839906402112,-1.04712602079376
lgbm_combine_chunk_01,feature_5_lag0,0.0723000567861722,-0.496647389638091
lgbm_combine_chunk_01,feature_13_lag0,0.0893420519856493,0.589688269888478
lgbm_combine_chunk_01,feature_1_lag0,0.0217857245722374,0.176869545038838
lgbm_combine_chunk_01,feature_12_lag0,0.0416627297794203,0.763785325656614
lgbm_combine_chunk_01,feature_1_lag1,-0.0303103906807113,-0.923883504405598
lgbm_combine_chunk_01,feature_21_lag0,0.0664136771004347,0.0508785968785005
lgbm_combine_chunk_01,feature_7_lag0,0.0801184043175931,0.691344171192302
lgbm_combine_chunk_01,feature_1_lag2,0.0203661937758981,1.93398432244334
lgbm_combine_chunk_01,feature_7_lag1,0.145291785394479,-0.612087618001266
lgbm_combine_chunk_01,feature_6_lag0,0.257574459409786,1.38513726431841
lgbm_combine_chunk_01,feature_5_lag0,0.0330528256994515,-1.35664020999298
lgbm_combine_chunk_01,feature_13_lag0,-0.197999656501345,-0.528594952747382
lgbm_combine_chunk_01,feature_1_lag0,0.109790239480242,0.937305941535519
lgbm_combine_chunk_01,feature_12_lag0,0.0718679542843347,1.91738619341969
lgbm_combine_chunk_01,feature_1_lag1,-0.0772624403182495,-0.287171932030763
lgbm_combine_chunk_01,feature_21_lag0,-0.0310716979445356,0.0807164225465302
lgbm_combine_chunk_01,feature_7_lag0,-0.0128809073662561,-0.240347239988813
lgbm_combine_chunk_01,feature_1_lag2,-0.0540925338197243,1.19285925234817
lgbm_combine_chunk_01,feature_7_lag1,-0.0838221694143505,1.30383112846632
lgbm_combine_chunk_01,feature_6_lag0,0.00147506768880695,0.0840726796948364
lgbm_combine_chunk_01,feature_5_lag0,-0.0236433834496072,-0.168178091829911
lgbm_combine_chunk_01,feature_13_lag0,0.044126470730784,0.707076035682305
lgbm_combine_chunk_01,feature_1_lag0,-0.0334924817035457,-0.527189229795479
lgbm_combine_chunk_01,feature_12_lag0,-0.209960259153818,-0.688443709852215
lgbm_combine_chunk_01,feature_1_lag1,0.108691854887865,0.766212621273721
lgbm_combine_chunk_01,feature_21_lag0,-0.206277010635828,-0.606863749609067
lgbm_combine_chunk_01,feature_7_lag0,-0.0937551683881507,0.839057763069894
lgbm_combine_chunk_01,feature_1_lag2,-0.204349632448462,-0.19074036769607
lgbm_combine_chunk_01,feature_7_lag1,-0.00855082614036508,1.56057168714062
lgbm_combine_chunk_01,feature_6_lag0,0.241056387828859,-0.143743399014662
lgbm_combine_chunk_01,feature_5_lag0,0.0959390155978705,-0.567449074378989
lgbm_combine_chunk_01,feature_13_lag0,0.0124402425276434,-0.0200511372966145
lgbm_combine_chunk_01,feature_1_lag0,0.0837582463919777,1.19635683673574
lgbm_combine_chunk_01,feature_12_lag0,-0.0945354628083535,1.25305644215546
lgbm_combine_chunk_01,feature_1_lag1,-0.0583668842913584,-0.213950086835388
lgbm_combine_chunk_01,feature_21_lag0,-0.234767373901286,-0.631282998252034
lgbm_combine_chunk_01,feature_7_lag0,-0.081131148896482,1.53897719372151
lgbm_combine_chunk_01,feature_1_lag2,0.0723326961422064,0.120717115275849
lgbm_combine_chunk_01,feature_7_lag1,-0.0413587843642592,0.341756639811877
lgbm_combine_chunk_01,feature_6_lag0,0.154584401530719,1.70372211068419
lgbm_combine_chunk_01,feature_5_lag0,0.0596955675905617,-1.8035894576006
lgbm_combine_chunk_01,feature_13_lag0,-0.00181708034175839,1.0555653106213
lgbm_combine_chunk_01,feature_1_lag0,0.0067696051409278,-0.113220898045881
lgbm_combine_chunk_01,feature_12_lag0,0.0147740975167552,-0.141038436307113
lgbm_combine_chunk_01,feature_1_lag1,0.0602263029377309,0.25100922783626
lgbm_combine_chunk_01,feature_21_lag0,0.121897481275827,0.258700701651036
lgbm_combine_chunk_01,feature_7_lag0,-0.0433119233334488,-0.558299245943374
lgbm_combine_chunk_01,feature_1_lag2,0.0129117867698419,0.135084247159421
lgbm_combine_chunk_01,feature_7_lag1,-0.133322600197862,-0.557056953740657
lgbm_combine_chunk_01,feature_6_lag0,-0.0841576231776556,-1.3106634298289
lgbm_combine_chunk_01,feature_5_lag0,-0.0428954289464954,2.22095254228217
lgbm_combine_chunk_01,feature_13_lag0,0.0492520569750481,-0.27756830401082
lgbm_combine_chunk_01,feature_1_lag0,-0.0539334929227297,-0.703239103575136
lgbm_combine_chunk_01,feature_12_lag0,-0.100647392600897,1.59392863921006
lgbm_combine_chunk_01,feature_1_lag1,-0.0875957178734002,0.643859677926798
lgbm_combine_chunk_01,feature_21_lag0,0.114245502831015,0.566300398197141
lgbm_combine_chunk_01,feature_7_lag0,0.0261598515801138,-0.324267292964024
lgbm_combine_chunk_01,feature_1_lag2,0.0446528918766249,-0.282019770508626
lgbm_combine_chunk_01,feature_7_lag1,0.0376087260463596,0.783160920570372
lgbm_combine_chunk_01,feature_6_lag0,0.118628188424914,0.690035819086984
lgbm_combine_chunk_01,feature_5_lag0,0.0154909307383529,1.81671727940704
lgbm_combine_chunk_01,feature_13_lag0,0.158661754559935,-0.256381459650158
lgbm_combine_chunk_01,feature_1_lag0,-0.0348331020122907,-1.14205567694821
lgbm_combine_chunk_01,feature_12_lag0,-0.0676582796083046,0.540259122974981
lgbm_combine_chunk_01,feature_1_lag1,0.102787762531136,0.25808313025212
lgbm_combine_chunk_01,feature_21_lag0,0.046261781094887,-1.11188672411497
lgbm_combine_chunk_01,feature_7_lag0,-0.133681411695074,0.36786408464848
lgbm_combine_chunk_01,feature_1_lag2,0.0961466278464954,1.40531522089196
lgbm_combine_chunk_01,feature_7_lag1,-0.0276297299465184,0.735124201417228
lgbm_combine_chunk_01,feature_6_lag0,0.148999414403688,-0.502941889792511
lgbm_combine_chunk_01,feature_5_lag0,0.0531767231541509,0.602875911011093
lgbm_combine_chunk_01,feature_13_lag0,0.138278841942664,-1.99978926747161
lgbm_combine_chunk_01,feature_1_lag0,0.0305963236376178,-0.968861443357943
lgbm_combine_chunk_01,feature_12_lag0,0.00256325349521435,-0.0695513168813415
lgbm_combine_chunk_01,feature_1_lag1,0.143238585432384,2.14005765766796
lgbm_combine_chunk_01,feature_21_lag0,-0.0162004153702266,-0.743417935436262
lgbm_combine_chunk_01,feature_7_lag0,-0.0493759753959524,1.35300701083797
lgbm_combine_chunk_01,feature_1_lag2,-0.0304461672759121,-1.09639424859932
lgbm_combine_chunk_01,feature_7_lag1,0.0127978707950013,-3.43679431751158
lgbm_combine_chunk_01,feature_6_lag0,0.192326987898891,0.890015975718634
lgbm_combine_chunk_01,feature_5_lag0,-0.0255120162230593,-0.50870514668204
lgbm_combine_chunk_01,feature_13_lag0,0.00341252853965152,-1.72583150680514
lgbm_combine_chunk_01,feature_1_lag0,-0.0121560948892137,0.0630673347430227
lgbm_combine_chunk_01,feature_12_lag0,0.141443356777522,0.438253050184275
lgbm_combine_chunk_01,feature_1_lag1,0.0311208792690897,-0.0923930738486181
lgbm_combine_chunk_01,feature_21_lag0,0.11021432094021,1.40973165877055
lgbm_combine_chunk_01,feature_7_lag0,0.0688215288518108,-1.21071932161086
lgbm_combine_chunk_01,feature_1_lag2,-0.079012721208603,-0.750216440146204
lgbm_combine_chunk_01,feature_7_lag1,0.0351092777149273,0.357998632111079
lgbm_combine_chunk_01,feature_6_lag0,0.0861056388221327,0.093994421392991
lgbm_combine_chunk_01,feature_5_lag0,-0.0162226133918824,0.769423279975685
lgbm_combine_chunk_01,feature_13_lag0,-0.0401442017598928,-1.66995459851286
lgbm_combine_chunk_01,feature_1_lag0,-0.0245106287859737,1.12103387912492
lgbm_combine_chunk_01,feature_12_lag0,-0.0451880956712057,0.340184535384004
lgbm_combine_chunk_01,feature_1_lag1,0.033783708760325,1.50110207457709
lgbm_combine_chunk_01,feature_21_lag0,0.0160894224261698,0.24855207746372
lgbm_combine_chunk_01,feature_7_lag0,-0.0291010707437534,-2.07912538659153
lgbm_combine_chunk_01,feature_1_lag2,-0.145797809785593,-0.989575052728207
lgbm_combine_chunk_01,feature_7_lag1,0.104075815356477,1.39045107877476
lgbm_combine_chunk_01,feature_6_lag0,0.175842598548577,0.0729264656562648
lgbm_combine_chunk_01,feature_5_lag0,0.290989288867305,0.173943531613957
lgbm_combine_chunk_01,feature_13_lag0,0.0128912440194241,1.2655976357254
lgbm_combine_chunk_01,feature_1_lag0,0.118945296966583,2.00842149317222
lgbm_combine_chunk_01,feature_12_lag0,-0.137073152812077,-0.0454213872475889
lgbm_combine_chunk_01,feature_1_lag1,-0.0830378574171886,1.25627935573802
lgbm_combine_chunk_01,feature_21_lag0,-0.0186567209518053,0.0483094118105833
lgbm_combine_chunk_01,feature_7_lag0,-0.0662438086071986,-0.721380347320903
lgbm_combine_chunk_01,feature_1_lag2,-0.0458911698727397,-0.588133698463272
lgbm_combine_chunk_01,feature_7_lag1,-0.0496768814521767,-1.35859548831249
lgbm_combine_chunk_01,feature_6_lag0,-0.0230740289542198,1.01178155232638
lgbm_combine_chunk_01,feature_5_lag0,0.213806865667099,-0.127813031331237
lgbm_combine_chunk_01,feature_13_lag0,-0.0360893013732083,-0.579613715250557
lgbm_combine_chunk_01,feature_1_lag0,-0.0415830939460528,-0.281860360706311
lgbm_combine_chunk_01,feature_12_lag0,0.0807872855443434,0.534006978254441
lgbm_combine_chunk_01,feature_1_lag1,-0.118157137360143,-0.500722149486706
lgbm_combine_chunk_01,feature_21_lag0,0.136777027881632,0.393363378850156
lgbm_combine_chunk_01,feature_7_lag0,-0.0387268734548535,0.357480289332018
lgbm_combine_chunk_01,feature_1_lag2,-0.0998656794589312,0.757135519868984
lgbm_combine_chunk_01,feature_7_lag1,-0.0608094345516302,0.305282631518952
lgbm_combine_chunk_01,feature_6_lag0,-0.0577235270714614,0.111334305719128
lgbm_combine_chunk_01,feature_5_lag0,-0.00101705516279871,-0.786258627982131
lgbm_combine_chunk_01,feature_13_lag0,-0.0215666510534816,-0.440879185893447
lgbm_combine_chunk_01,feature_1_lag0,0.0100516353562245,-0.790226505326401
lgbm_combine_chunk_01,feature_12_lag0,-0.0495916764502108,-0.020092899346431
lgbm_combine_chunk_01,feature_1_lag1,0.0563848048859331,0.212888735168011
lgbm_combine_chunk_01,feature_21_lag0,0.0350025494524316,0.224348972693501
lgbm_combine_chunk_01,feature_7_lag0,-0.0484234471927148,0.303251019901773
lgbm_combine_chunk_01,feature_1_lag2,0.134258313360224,-0.106823037695662
lgbm_combine_chunk_01,feature_7_lag1,0.101014459038379,-0.604760545616382
lgbm_combine_chunk_01,feature_6_lag0,-0.158217301248559,0.198872658880349
lgbm_combine_chunk_01,feature_5_lag0,0.0100460906398124,1.18086023679323
lgbm_combine_chunk_01,feature_13_lag0,0.131004428840643,0.501194456549661
lgbm_combine_chunk_01,feature_1_lag0,0.0527820162885002,1.02530830977491
lgbm_combine_chunk_01,feature_12_lag0,0.073409503292359,-0.342083885922653
lgbm_combine_chunk_01,feature_1_lag1,-0.1926132696838,0.894579089942461
lgbm_combine_chunk_01,feature_21_lag0,-0.214469238395723,0.646716323191281
lgbm_combine_chunk_01,feature_7_lag0,-0.0934591347341225,0.812572667514925
lgbm_combine_chunk_01,feature_1_lag2,0.0784404729077958,-0.180003632212664
lgbm_combine_chunk_01,feature_7_lag1,0.0148829876970635,-1.42450852419527
lgbm_combine_chunk_01,feature_6_lag0,0.134538868400229,-0.172492871514796
lgbm_combine_chunk_01,feature_5_lag0,-0.0312280744186604,0.70694713584868
lgbm_combine_chunk_01,feature_13_lag0,-0.156877607966031,-0.204579902105193
lgbm_combine_chunk_01,feature_1_lag0,0.0698825102295297,-0.484518310538481
lgbm_combine_chunk_01,feature_12_lag0,-0.0334098812965317,-0.208147318353648
lgbm_combine_chunk_01,feature_1_lag1,-0.0338412473415121,-0.880264563747064
lgbm_combine_chunk_01,feature_21_lag0,0.125906961596004,-0.504771490531799
lgbm_combine_chunk_01,feature_7_lag0,-0.0796136940666951,0.686967821949378
lgbm_combine_chunk_01,feature_1_lag2,0.0418620919080047,-0.31753087538153
lgbm_combine_chunk_01,feature_7_lag1,0.0846938230954049,0.479495906374321
lgbm_combine_chunk_01,feature_6_lag0,-0.0217781967604556,-0.204331830461834
lgbm_combine_chunk_01,feature_5_lag0,0.00723989185331167,0.523665073326336
lgbm_combine_chunk_01,feature_13_lag0,-0.159947374176738,-0.894882786338923
lgbm_combine_chunk_01,feature_1_lag0,0.0389385895050645,0.407879134476507
lgbm_combine_chunk_01,feature_12_lag0,0.0943286284618504,0.205815306425844
lgbm_combine_chunk_01,feature_1_lag1,-0.143332101316369,-0.177102835683325
lgbm_combine_chunk_01,feature_21_lag0,0.0576607408702454,0.931122940831905
lgbm_combine_chunk_01,feature_7_lag0,-0.0498468107012475,-0.892978215873684
lgbm_combine_chunk_01,feature_1_lag2,-0.0120767415979466,-1.26374833641575
lgbm_combine_chunk_01,feature_7_lag1,0.0517501085576545,0.641327664743909
lgbm_combine_chunk_01,feature_6_lag0,0.199179057336962,-2.53930965712924
lgbm_combine_chunk_01,feature_5_lag0,0.0659091908969599,0.103231343879321
lgbm_combine_chunk_01,feature_13_lag0,-0.0461281762935211,0.286193986760169
lgbm_combine_chunk_01,feature_1_lag0,0.00676389748390132,0.385909642374792
lgbm_combine_chunk_01,feature_12_lag0,-0.00861844470809263,1.22302060550305
lgbm_combine_chunk_01,feature_1_lag1,0.166418181524023,-0.503918441626995
lgbm_combine_chunk_01,feature_21_lag0,-0.11961622361149,0.30868543345343
lgbm_combine_chunk_01,feature_7_lag0,0.0581709958206062,-0.0554416484077927
lgbm_combine_chunk_01,feature_1_lag2,-0.177916545074514,0.317970934912429
lgbm_combine_chunk_01,feature_7_lag1,-0.0894694166675871,0.292127977563963
lgbm_combine_chunk_01,feature_6_lag0,0.0701827788260367,-0.0709694922946022
lgbm_combine_chunk_01,feature_5_lag0,0.0467087092763636,1.21231111472192
lgbm_combine_chunk_01,feature_13_lag0,0.168580008609546,-0.639475479175781
lgbm_combine_chunk_01,feature_1_lag0,-0.00330576255017966,-0.392346129326847
lgbm_combine_chunk_01,feature_12_lag0,0.190393667135367,-0.0660086105098938
lgbm_combine_chunk_01,feature_1_lag1,-0.0973833079975242,-0.340411995587658
lgbm_combine_chunk_01,feature_21_lag0,0.11070285168445,-2.09755794881793
lgbm_combine_chunk_01,feature_7_lag0,-0.128957088663846,0.722714310807477
lgbm_combine_chunk_01,feature_1_lag2,-0.021126807233027,1.33875036819165
lgbm_combine_chunk_01,feature_7_lag1,-0.0175443155936766,-0.672899632988517
lgbm_combine_chunk_01,feature_6_lag0,0.0968207898906404,-0.5373983182889
lgbm_combine_chunk_01,feature_5_lag0,-0.0377764419255869,-0.887967411349308
lgbm_combine_chunk_01,feature_13_lag0,-0.0388245566896407,0.0497209747607302
lgbm_combine_chunk_01,feature_1_lag0,-0.0959419936988785,-0.173622165918145
lgbm_combine_chunk_01,feature_12_lag0,0.0313459021965895,-0.163188391310293
lgbm_combine_chunk_01,feature_1_lag1,0.0393675100167428,-0.000262513747847255
lgbm_combine_chunk_01,feature_21_lag0,0.0483944647786511,1.17449978836868
lgbm_combine_chunk_01,feature_7_lag0,-0.207894489233442,-0.138958311510504
lgbm_combine_chunk_01,feature_1_lag2,-0.278387049115573,2.45606707830195
lgbm_combine_chunk_01,feature_7_lag1,0.00938138905147938,1.20678523243631
lgbm_combine_chunk_01,feature_6_lag0,0.00273262247068567,-1.82436716296768
lgbm_combine_chunk_01,feature_5_lag0,0.0786065772292103,-0.41038855562333
lgbm_combine_chunk_01,feature_13_lag0,0.0743793582166845,-0.407848971700989
lgbm_combine_chunk_01,feature_1_lag0,0.0610324151248763,-0.240730368959753
lgbm_combine_chunk_01,feature_12_lag0,0.0562562934094785,0.558217442737426
lgbm_combine_chunk_01,feature_1_lag1,0.111960304398015,1.16579836922668
lgbm_combine_chunk_01,feature_21_lag0,-0.0174880271687609,1.56536004386763
lgbm_combine_chunk_01,feature_7_lag0,-0.181589720727288,0.144188611155644
lgbm_combine_chunk_01,feature_1_lag2,0.138588192071648,0.669344625179108
lgbm_combine_chunk_01,feature_7_lag1,0.177836353919942,1.26521262720896
lgbm_combine_chunk_01,feature_6_lag0,0.102495941321522,2.20759616795222
lgbm_combine_chunk_01,feature_5_lag0,-0.0915263261127991,3.10648532004579
lgbm_combine_chunk_01,feature_13_lag0,0.0104421845783542,-0.911274860460999
lgbm_combine_chunk_01,feature_1_lag0,0.167030573510171,1.47818775919483
lgbm_combine_chunk_01,feature_12_lag0,0.214560535519816,0.693103930579011
lgbm_combine_chunk_01,feature_1_lag1,0.0164357971052137,-1.11119382433354
lgbm_combine_chunk_01,feature_21_lag0,-0.0249285621278622,-1.12055347022297
lgbm_combine_chunk_01,feature_7_lag0,-0.0341398255456854,1.604754006069
lgbm_combine_chunk_01,feature_1_lag2,0.0805961755407973,-0.60505908933498
lgbm_combine_chunk_01,feature_7_lag1,0.0879218593726365,0.704443091480706
lgbm_combine_chunk_01,feature_6_lag0,-0.0415639346311566,-0.890456588733895
lgbm_combine_chunk_01,feature_5_lag0,0.0896742610350487,1.48793130220181
lgbm_combine_chunk_01,feature_13_lag0,-0.0630791387339134,-0.157227599854255
lgbm_combine_chunk_01,feature_1_lag0,0.0363967982857853,-1.68729417183345
lgbm_combine_chunk_01,feature_12_lag0,0.00142138895955335,-0.732137137110965
lgbm_combine_chunk_01,feature_1_lag1,0.0685675682444003,-0.436684588462772
lgbm_combine_chunk_01,feature_21_lag0,-0.0563768373333349,2.75989577316815
lgbm_combine_chunk_01,feature_7_lag0,-0.082837090808121,0.112975623407665
lgbm_combine_chunk_01,feature_1_lag2,-0.0552477385844898,0.0973763669466615
lgbm_combine_chunk_01,feature_7_lag1,0.105615201135215,-0.782469176154038
lgbm_combine_chunk_01,feature_6_lag0,-0.253538487103062,1.77183173890213
lgbm_combine_chunk_01,feature_5_lag0,0.0666936057533596,-0.201853505883109
lgbm_combine_chunk_01,feature_13_lag0,0.235058462877596,-1.10469024978149
lgbm_combine_chunk_01,feature_1_lag0,0.0765057835795726,-1.45770030816229
lgbm_combine_chunk_01,feature_12_lag0,-0.183484145812612,-0.714852266505695
lgbm_combine_chunk_01,feature_1_lag1,-0.0758855904026686,0.306434385412112
lgbm_combine_chunk_01,feature_21_lag0,0.0913860947573608,1.33779350657128
lgbm_combine_chunk_01,feature_7_lag0,-0.0971129278322102,0.0413379886678242
lgbm_combine_chunk_01,feature_1_lag2,0.107613324965141,-0.880532058011355
lgbm_combine_chunk_01,feature_7_lag1,0.114361480713752,1.76908795230246
lgbm_combine_chunk_01,feature_6_lag0,-0.068120894628636,1.17783685076896
lgbm_combine_chunk_01,feature_5_lag0,-0.0551890567119174,-0.415880246129884
lgbm_combine_chunk_01,feature_13_lag0,-0.112948010295637,0.136242509383678
lgbm_combine_chunk_01,feature_1_lag0,0.115405980714,0.946953797670062
lgbm_combine_chunk_01,feature_12_lag0,0.00757509090381778,0.540518449215221
lgbm_combine_chunk_01,feature_1_lag1,-0.0320554405056967,0.760734835474572
lgbm_combine_chunk_01,feature_21_lag0,0.126040615325838,-0.361201222667588
lgbm_combine_chunk_01,feature_7_lag0,-0.244612695155647,-0.412263924608188
lgbm_combine_chunk_01,feature_1_lag2,-0.0227399691259371,-0.167974819260205
lgbm_combine_chunk_01,feature_7_lag1,-0.0865815511614568,0.842648602590052
lgbm_combine_chunk_01,feature_6_lag0,-0.0288118474187913,-0.0241242021650741
lgbm_combine_chunk_01,feature_5_lag0,0.176092039392724,-0.255696536124422
lgbm_combine_chunk_01,feature_13_lag0,-0.0696129048566678,0.456510831110898
lgbm_combine_chunk_01,feature_1_lag0,-0.162328379499474,1.05623859086184
lgbm_combine_chunk_01,feature_12_lag0,0.0410910718704149,-0.951122377153944
lgbm_combine_chunk_01,feature_1_lag1,0.0309597085113671,1.20072996503809
lgbm_combine_chunk_01,feature_21_lag0,-0.00498397122273433,-2.16582913856391
lgbm_combine_chunk_01,feature_7_lag0,0.064131224361885,-0.430053727213499
lgbm_combine_chunk_01,feature_1_lag2,-0.0286331694953403,0.152649069364859
lgbm_combine_chunk_01,feature_7_lag1,-0.19267122617773,-0.767656039247682
lgbm_combine_chunk_01,feature_6_lag0,-0.155946265136211,-3.30834096469431
lgbm_combine_chunk_01,feature_5_lag0,-0.112620631400917,-0.459567347974825
lgbm_combine_chunk_01,feature_13_lag0,-0.014088083339266,-1.17402617378849
lgbm_combine_chunk_01,feature_1_lag0,0.0498664269297453,-1.43471607865942
lgbm_combine_chunk_01,feature_12_lag0,-0.0845478116203036,2.07831230563502
lgbm_combine_chunk_01,feature_1_lag1,0.0581685180643222,0.133919392460558
lgbm_combine_chunk_01,feature_21_lag0,-0.0531582462164891,-0.593174278777254
lgbm_combine_chunk_01,feature_7_lag0,0.0954635237051666,0.157192497660858
lgbm_combine_chunk_01,feature_1_lag2,-0.0911507410334639,-1.38302964399134
lgbm_combine_chunk_01,feature_7_lag1,0.0363421050588715,0.564621531105748
lgbm_combine_chunk_01,feature_6_lag0,0.0202097400107614,0.889171029900512
lgbm_combine_chunk_01,feature_5_lag0,0.0138610627985285,0.659993113069518
lgbm_combine_chunk_01,feature_13_lag0,-0.0290994731743085,0.436463982100057
lgbm_combine_chunk_01,feature_1_lag0,-0.0323295492979229,-0.221246937322821
lgbm_combine_chunk_01,feature_12_lag0,0.0517885571076655,0.7608180677652
lgbm_combine_chunk_01,feature_1_lag1,-0.112396070084285,-0.518941733742154
lgbm_combine_chunk_01,feature_21_lag0,-0.152799760602508,1.39689709285497
lgbm_combine_chunk_01,feature_7_lag0,-0.15168776033181,-0.361384715073735
lgbm_combine_chunk_01,feature_1_lag2,0.0136743278698491,-0.641174271732832
lgbm_combine_chunk_01,feature_7_lag1,-0.0591685305485471,0.704085977108822
lgbm_combine_chunk_01,feature_6_lag0,0.000768222666751648,-1.51467292433381
lgbm_combine_chunk_01,feature_5_lag0,-0.0994054969071743,0.278743357825656
lgbm_combine_chunk_01,feature_13_lag0,0.0709487294635357,-0.164953930220196
lgbm_combine_chunk_01,feature_1_lag0,-0.010597396560812,-0.0761836580814499
lgbm_combine_chunk_01,feature_12_lag0,-0.102322474480152,1.89405702337679
lgbm_combine_chunk_01,feature_1_lag1,-0.0209580213579479,-0.0322703751957393
lgbm_combine_chunk_01,feature_21_lag0,-0.0945852467306452,1.28026466228579
lgbm_combine_chunk_01,feature_7_lag0,-0.0554416152989603,1.06271046958101
lgbm_combine_chunk_01,feature_1_lag2,-0.082248988793876,-0.567884139183752
lgbm_combine_chunk_01,feature_7_lag1,0.107087868732469,-1.82780465698182
lgbm_combine_chunk_01,feature_6_lag0,-0.0678906925543738,0.148086179213099
lgbm_combine_chunk_01,feature_5_lag0,-0.025249216699528,-0.153591779742838
lgbm_combine_chunk_01,feature_13_lag0,0.271477343912682,-1.3215659056696
lgbm_combine_chunk_01,feature_1_lag0,-0.158373075152209,1.16399472095281
lgbm_combine_chunk_01,feature_12_lag0,-0.110611268368159,1.44801345637546
lgbm_combine_chunk_01,feature_1_lag1,0.00569874003276136,-3.19574971161557
lgbm_combine_chunk_01,feature_21_lag0,0.186953440667292,-0.0452310354808224
lgbm_combine_chunk_01,feature_7_lag0,0.211560370266688,-1.85444913239121
lgbm_combine_chunk_01,feature_1_lag2,-0.188765085277246,0.122156961406951
lgbm_combine_chunk_01,feature_7_lag1,0.115992164954376,1.23109030440455
lgbm_combine_chunk_01,feature_6_lag0,-0.0600389025108143,1.17506754909432
lgbm_combine_chunk_01,feature_5_lag0,0.0835648118543768,-1.10000285373106
lgbm_combine_chunk_01,feature_13_lag0,-0.107740638477096,1.15125753939353
lgbm_combine_chunk_01,feature_1_lag0,-0.0455784500902034,-0.380142440173221
lgbm_combine_chunk_01,feature_12_lag0,0.0299038948706098,-0.62680388077968
lgbm_combine_chunk_01,feature_1_lag1,0.0740154815796789,-1.21037184796291
lgbm_combine_chunk_01,feature_21_lag0,0.165775373262234,-0.712787968322234
lgbm_combine_chunk_01,feature_7_lag0,0.0563909326745402,-1.28215326645022
lgbm_combine_chunk_01,feature_1_lag2,-0.119112875935765,1.11391823540086
lgbm_combine_chunk_01,feature_7_lag1,-0.0609071118016357,-1.28955835834974
lgbm_combine_chunk_01,feature_6_lag0,-0.00346755182203917,0.150824978654883
lgbm_combine_chunk_01,feature_5_lag0,-0.00657702091830902,-0.0127989853077468
lgbm_combine_chunk_01,feature_13_lag0,0.0129083760239318,-0.654544598217643
lgbm_combine_chunk_01,feature_1_lag0,-0.0896869359887386,-0.242410272722329
lgbm_combine_chunk_01,feature_12_lag0,0.0617055969270409,-0.219524290826406
lgbm_combine_chunk_01,feature_1_lag1,-0.0662577756687709,-1.7076016228408
lgbm_combine_chunk_01,feature_21_lag0,0.139669989257607,-0.303910953459893
lgbm_combine_chunk_01,feature_7_lag0,0.0376887066870691,-1.36319955156105
lgbm_combine_chunk_01,feature_1_lag2,0.0375776841342513,0.153781176519651
lgbm_combine_chunk_01,feature_7_lag1,-0.130838369695981,1.02008159302526
lgbm_combine_chunk_01,feature_6_lag0,0.0953785724509101,1.20081061675855
lgbm_combine_chunk_01,feature_5_lag0,-0.156415936436155,0.250617739552361
lgbm_combine_chunk_01,feature_13_lag0,-0.198299809791621,-0.810904427229647
lgbm_combine_chunk_01,feature_1_lag0,0.000960191609958994,-1.18115273201393
lgbm_combine_chunk_01,feature_12_lag0,-0.0182389645426202,-1.5437766112985
lgbm_combine_chunk_01,feature_1_lag1,-0.00921727420500809,-0.179184267444251
lgbm_combine_chunk_01,feature_21_lag0,-0.0863748212776463,-0.65351640693846
lgbm_combine_chunk_01,feature_7_lag0,-0.00835057286797319,2.08602198360764
lgbm_combine_chunk_01,feature_1_lag2,-0.0637672508045529,0.230436421093725
lgbm_combine_chunk_01,feature_7_lag1,0.0232549157402899,0.057133747634998
lgbm_combine_chunk_01,feature_6_lag0,0.104569109273054,0.79749932651226
lgbm_combine_chunk_01,feature_5_lag0,-0.0292243720582768,0.820271118382308
lgbm_combine_chunk_01,feature_13_lag0,0.0304856528214212,2.52580729302935
lgbm_combine_chunk_01,feature_1_lag0,-0.186366832271168,1.47304092128247
lgbm_combine_chunk_01,feature_12_lag0,0.0663021765291657,0.528272342542576
lgbm_combine_chunk_01,feature_1_lag1,0.00425632304428164,0.667805705474115
lgbm_combine_chunk_01,feature_21_lag0,-0.117004005766611,-1.94834950240529
lgbm_combine_chunk_01,feature_7_lag0,-0.24091069256396,-0.0616265884538064
lgbm_combine_chunk_01,feature_1_lag2,0.111603400060459,0.654928192919644
lgbm_combine_chunk_01,feature_7_lag1,0.132503918935791,1.45938626166923
lgbm_combine_chunk_01,feature_6_lag0,-0.0932009731009899,0.376552460581378
lgbm_combine_chunk_01,feature_5_lag0,-0.107417734883985,-1.16483207364814
lgbm_combine_chunk_01,feature_13_lag0,-0.0135524151772438,-1.06555823759467
lgbm_combine_chunk_01,feature_1_lag0,-0.157873478272728,-1.34818395516801
lgbm_combine_chunk_01,feature_12_lag0,-0.0640301717568845,0.112010974759798
lgbm_combine_chunk_01,feature_1_lag1,0.0791286868435008,-0.29960181776534
lgbm_combine_chunk_01,feature_21_lag0,-0.0366390596707557,-0.0581023101986233
lgbm_combine_chunk_01,feature_7_lag0,-0.0646796596889055,0.324616870432601
lgbm_combine_chunk_01,feature_1_lag2,-0.0632505573696885,1.0635754022306
lgbm_combine_chunk_01,feature_7_lag1,-0.161075734658758,0.358951809784537
lgbm_combine_chunk_01,feature_6_lag0,-0.283367694638127,0.991377307278954
lgbm_combine_chunk_01,feature_5_lag0,0.0237173912212795,-0.674724530818455
lgbm_combine_chunk_01,feature_13_lag0,-7.65829462844355e-05,-0.23978460608018
lgbm_combine_chunk_01,feature_1_lag0,-0.133511143557534,1.56632257242868
lgbm_combine_chunk_01,feature_12_lag0,0.0639820500326893,0.970576323884461
lgbm_combine_chunk_01,feature_1_lag1,-0.0278876161222721,0.647015967129539
lgbm_combine_chunk_01,feature_21_lag0,0.0297365313441336,0.25175212153667
lgbm_combine_chunk_01,feature_7_lag0,0.0876805493473721,-1.28687558768664
lgbm_combine_chunk_01,feature_1_lag2,0.0204847959633237,-0.89551607460322
lgbm_combine_chunk_01,feature_7_lag1,0.0310296948791626,0.982518227939631
lgbm_combine_chunk_01,feature_6_lag0,-0.0323667352269774,-7.70487520501729e-05
lgbm_combine_chunk_01,feature_5_lag0,0.00735178350007691,-0.528260117442575
lgbm_combine_chunk_01,feature_13_lag0,-0.173872102038036,0.0395526904710234
lgbm_combine_chunk_01,feature_1_lag0,0.173735471992451,-0.941211296450913
lgbm_combine_chunk_01,feature_12_lag0,0.00359935326168542,-1.18757706819695
lgbm_combine_chunk_01,feature_1_lag1,0.153941473820742,-0.203814672444563
lgbm_combine_chunk_01,feature_21_lag0,0.016275927650805,2.32821258258984
lgbm_combine_chunk_01,feature_7_lag0,-0.190004921471326,0.0310061702901885
lgbm_combine_chunk_01,feature_1_lag2,0.187274657321842,-0.0153814058603928
lgbm_combine_chunk_01,feature_7_lag1,0.0412847586777906,0.948704123168499
lgbm_combine_chunk_01,feature_6_lag0,0.00829026539137768,0.258392193275699
lgbm_combine_chunk_01,feature_5_lag0,0.0465894734491312,-1.78371163075459
lgbm_combine_chunk_01,feature_13_lag0,-0.0444647765579026,1.334844542692
lgbm_combine_chunk_01,feature_1_lag0,0.0687476868242783,-0.893721482222279
lgbm_combine_chunk_01,feature_12_lag0,0.0978702046101196,1.01605095589551
lgbm_combine_chunk_01,feature_1_lag1,-0.0596506221966341,0.62800242485806
lgbm_combine_chunk_01,feature_21_lag0,0.0923765739421864,-1.38426882130116
lgbm_combine_chunk_01,feature_7_lag0,-0.00844907672606344,-0.276867936016581
lgbm_combine_chunk_01,feature_1_lag2,-0.332541454837932,-0.204252555160482
lgbm_combine_chunk_01,feature_7_lag1,0.167169061205485,2.019006738946
lgbm_combine_chunk_01,feature_6_lag0,-0.0178151975118212,0.968948031759356
lgbm_combine_chunk_01,feature_5_lag0,-0.056867515608687,0.326550895291682
lgbm_combine_chunk_01,feature_13_lag0,-0.033164926934518,-2.59457655178151
lgbm_combine_chunk_01,feature_1_lag0,0.035526161588395,-0.64107407016525
lgbm_combine_chunk_01,feature_12_lag0,0.0601606576859459,-0.352311933495763
lgbm_combine_chunk_01,feature_1_lag1,0.030070506465043,-0.758171414770905
lgbm_combine_chunk_01,feature_21_lag0,0.085718158093219,-0.865413763567923
lgbm_combine_chunk_01,feature_7_lag0,0.0704856899809654,0.738025319922433
lgbm_combine_chunk_01,feature_1_lag2,0.0353824769087772,-0.0155724143089185
lgbm_combine_chunk_01,feature_7_lag1,0.285056423197414,-0.714056432978232
lgbm_combine_chunk_01,feature_6_lag0,0.214992910747826,0.207170546134969
lgbm_combine_chunk_01,feature_5_lag0,-0.0898423661799836,-0.0973136890990007
lgbm_combine_chunk_01,feature_13_lag0,-0.0965603176544734,1.3755052835816
lgbm_combine_chunk_01,feature_1_lag0,-0.101144793283621,2.03761800224482
lgbm_combine_chunk_01,feature_12_lag0,0.258243184377838,0.890006323308116
lgbm_combine_chunk_01,feature_1_lag1,0.0363638606051359,-0.741847450430289
lgbm_combine_chunk_01,feature_21_lag0,0.0453037487986295,-0.902075032309361
lgbm_combine_chunk_01,feature_7_lag0,-0.0543331619939618,-2.82213335089845
lgbm_combine_chunk_01,feature_1_lag2,-0.0528418423931167,-0.269470295229249
lgbm_combine_chunk_01,feature_7_lag1,-0.0568082104533054,-0.645778204626534
lgbm_combine_chunk_01,feature_6_lag0,-0.066592599800419,-0.65861040971979
lgbm_combine_chunk_01,feature_5_lag0,0.0659390589660287,-0.230927513496328
lgbm_combine_chunk_01,feature_13_lag0,-0.037859890826737,-0.18888676520064
lgbm_combine_chunk_01,feature_1_lag0,0.21756487198415,1.39720434110379
lgbm_combine_chunk_01,feature_12_lag0,0.0564487449071191,-0.475830123348693
lgbm_combine_chunk_01,feature_1_lag1,0.0600228745820891,0.670784255799459
lgbm_combine_chunk_01,feature_21_lag0,0.051358388443004,-0.192600727115288
lgbm_combine_chunk_01,feature_7_lag0,0.112622806132929,-1.08094284249682
lgbm_combine_chunk_01,feature_1_lag2,-0.126386094026342,-0.019559570478625
lgbm_combine_chunk_01,feature_7_lag1,-0.023009687090146,-0.751881984210425
lgbm_combine_chunk_01,feature_6_lag0,0.0482239407266432,-0.253033595615086
lgbm_combine_chunk_01,feature_5_lag0,-0.0942180057148736,-0.977431833046816
lgbm_combine_chunk_01,feature_13_lag0,0.0464192818836575,0.889649727524122
lgbm_combine_chunk_01,feature_1_lag0,-0.0168677288050427,0.337243887526194
lgbm_combine_chunk_01,feature_12_lag0,-0.0703031795270517,-1.10849054441097
lgbm_combine_chunk_01,feature_1_lag1,-0.0265977588147536,0.129349752537665
lgbm_combine_chunk_01,feature_21_lag0,0.0144905905218385,1.46459027536797
lgbm_combine_chunk_01,feature_7_lag0,-0.024730902690383,0.684240838929638
lgbm_combine_chunk_01,feature_1_lag2,0.155576655573653,1.13250309821952
lgbm_combine_chunk_01,feature_7_lag1,-0.0264100719742457,1.06396003040851
lgbm_combine_chunk_01,feature_6_lag0,-0.0124118807312937,0.275925047316744
lgbm_combine_chunk_01,feature_5_lag0,0.062127636568985,-0.986419238599363
lgbm_combine_chunk_01,feature_13_lag0,0.13386049610841,-0.678570959041011
lgbm_combine_chunk_01,feature_1_lag0,-0.080243714531725,1.96401782810032
lgbm_combine_chunk_01,feature_12_lag0,0.11524979832324,-0.358151661586097
lgbm_combine_chunk_01,feature_1_lag1,-0.101295849760652,-0.114309506878266
lgbm_combine_chunk_01,feature_21_lag0,-0.0331090977875431,0.585221809120999
lgbm_combine_chunk_01,feature_7_lag0,-0.0535976623881003,-0.830725210876489
lgbm_combine_chunk_01,feature_1_lag2,-0.105859304357948,-2.75681866287951
lgbm_combine_chunk_01,feature_7_lag1,-0.094712176445854,0.466737977860116
lgbm_combine_chunk_01,feature_6_lag0,-0.086354587047283,-1.6226591984992
lgbm_combine_chunk_01,feature_5_lag0,0.0921057308193364,1.5813069659627
lgbm_combine_chunk_01,feature_13_lag0,-0.0256000110423718,0.0698269800894911
lgbm_combine_chunk_01,feature_1_lag0,-0.0864971177680989,0.273277598828679
lgbm_combine_chunk_01,feature_12_lag0,0.121624547679213,2.14571782242997
lgbm_combine_chunk_01,feature_1_lag1,0.114069095882469,-0.277838887915235
lgbm_combine_chunk_01,feature_21_lag0,0.119061112198089,0.70609537171944
lgbm_combine_chunk_01,feature_7_lag0,-0.128728195859903,-0.228421001973388
lgbm_combine_chunk_01,feature_1_lag2,0.0318474183475231,2.35180701691203
lgbm_combine_chunk_01,feature_7_lag1,0.0277944530543945,1.13179151483213
lgbm_combine_chunk_01,feature_6_lag0,0.155304848383104,0.61227706452387
lgbm_combine_chunk_01,feature_5_lag0,0.0561597789466666,-0.0222845217351689
lgbm_combine_chunk_01,feature_13_lag0,0.236155204004502,0.0579687273550111
lgbm_combine_chunk_01,feature_1_lag0,-0.0107513606833351,0.860679327288259
lgbm_combine_chunk_01,feature_12_lag0,0.033634661487897,-0.130940344245135
lgbm_combine_chunk_01,feature_1_lag1,-0.0357900981030165,-1.09956464869143
lgbm_combine_chunk_01,feature_21_lag0,0.113668198077024,-0.122873030624053
lgbm_combine_chunk_01,feature_7_lag0,0.160714765982356,-1.26430975284031
lgbm_combine_chunk_01,feature_1_lag2,-0.013444895635011,-0.44222295041569
lgbm_combine_chunk_01,feature_7_lag1,-0.226030630160269,-1.86237781030967
lgbm_combine_chunk_01,feature_6_lag0,-0.129578988864598,-0.983110846043857
lgbm_combine_chunk_01,feature_5_lag0,-0.0121344061434833,-1.66635979247073
lgbm_combine_chunk_01,feature_13_lag0,0.0322601616233818,-0.760066153185638
lgbm_combine_chunk_01,feature_1_lag0,0.0534863990205698,-0.548810038989328
lgbm_combine_chunk_01,feature_12_lag0,-0.0704207703876416,0.788897145169976
lgbm_combine_chunk_01,feature_1_lag1,0.00860243741837439,-1.84422550293048
lgbm_combine_chunk_01,feature_21_lag0,0.000194218387102905,3.06199481314253
lgbm_combine_chunk_01,feature_7_lag0,0.00526329486353964,-0.1931141706575
lgbm_combine_chunk_01,feature_1_lag2,0.0379819722759635,-0.691268918968306
lgbm_combine_chunk_01,feature_7_lag1,0.0895846077801649,2.23245076596332
lgbm_combine_chunk_01,feature_6_lag0,0.211357083499211,-0.0299646229147121
lgbm_combine_chunk_01,feature_5_lag0,0.00358193737313914,-1.30437105386916
lgbm_combine_chunk_01,feature_13_lag0,-0.198149007249945,1.16454340606113
lgbm_combine_chunk_01,feature_1_lag0,0.016979317003773,0.154589568076811
lgbm_combine_chunk_01,feature_12_lag0,0.116275928296324,-2.62018649715972
lgbm_combine_chunk_01,feature_1_lag1,-0.0551765600045364,1.13981966533461
lgbm_combine_chunk_01,feature_21_lag0,-0.0396111304202692,2.11881510810028
lgbm_combine_chunk_01,feature_7_lag0,-0.0600945902121165,0.754878116864794
lgbm_combine_chunk_01,feature_1_lag2,0.0847813228276084,-1.13422934001291
lgbm_combine_chunk_01,feature_7_lag1,-0.0533797038106029,-1.40227534844251
lgbm_combine_chunk_01,feature_6_lag0,0.0443442835895831,-1.70085577489629
lgbm_combine_chunk_01,feature_5_lag0,-0.0331091713066168,-2.1107104261205
lgbm_combine_chunk_01,feature_13_lag0,0.0651953883811244,-0.111143396471876
lgbm_combine_chunk_01,feature_1_lag0,0.0720728979001341,1.61407074358225
lgbm_combine_chunk_01,feature_12_lag0,-0.036694979104358,0.909001578491784
lgbm_combine_chunk_01,feature_1_lag1,0.0371154476941954,-1.70668537133419
lgbm_combine_chunk_01,feature_21_lag0,0.194226373610568,1.40297739527193
lgbm_combine_chunk_01,feature_7_lag0,-0.0559952048362939,-0.238585132129299
lgbm_combine_chunk_01,feature_1_lag2,-0.0687911257880846,2.08827739714381
lgbm_combine_chunk_01,feature_7_lag1,-0.00336114803191362,-0.764418513345063
lgbm_combine_chunk_01,feature_6_lag0,0.0993570767944013,-0.120885950316226
lgbm_combine_chunk_01,feature_5_lag0,-0.0171003535017883,-0.177246158587693
lgbm_combine_chunk_01,feature_13_lag0,0.106365218756993,-2.52361290339426
lgbm_combine_chunk_01,feature_1_lag0,-0.153182850764219,-0.893447419769905
lgbm_combine_chunk_01,feature_12_lag0,-0.00110485649154791,-1.91250765323363
lgbm_combine_chunk_01,feature_1_lag1,0.0128029762690256,-0.971902788201206
lgbm_combine_chunk_01,feature_21_lag0,0.0265593779117695,-0.656666387842141
lgbm_combine_chunk_01,feature_7_lag0,0.0556964393267523,-0.198655533972361
lgbm_combine_chunk_01,feature_1_lag2,-0.00449790874348722,0.341699507818331
lgbm_combine_chunk_01,feature_7_lag1,-0.0140063015382539,0.112536389920566
lgbm_combine_chunk_01,feature_6_lag0,0.025463075142892,1.17521732227143
lgbm_combine_chunk_01,feature_5_lag0,0.0847334717186018,0.477157561834614
lgbm_combine_chunk_01,feature_13_lag0,-0.103740293672936,0.177254994051105
lgbm_combine_chunk_01,feature_1_lag0,-0.096521629905204,-0.137836555108309
lgbm_combine_chunk_01,feature_12_lag0,0.0025577541897542,-1.09402773640719
lgbm_combine_chunk_01,feature_1_lag1,-0.033610686609133,-0.56855908316833
lgbm_combine_chunk_01,feature_21_lag0,-0.105655694555313,1.19001127009362
lgbm_combine_chunk_01,feature_7_lag0,0.169953495906001,-0.446094540231291
lgbm_combine_chunk_01,feature_1_lag2,0.137191985359667,1.83564891432624
lgbm_combine_chunk_01,feature_7_lag1,0.0651672255226028,-0.509267287163284
lgbm_combine_chunk_01,feature_6_lag0,0.0966051339457687,-0.295680773974368
lgbm_combine_chunk_01,feature_5_lag0,-0.0355843183657932,0.285154376813705
lgbm_combine_chunk_01,feature_13_lag0,0.0421410715906332,0.352978729540762
lgbm_combine_chunk_01,feature_1_lag0,-0.128407752630857,-1.3306000477606
lgbm_combine_chunk_01,feature_12_lag0,-0.0173520337809933,0.095810753263204
lgbm_combine_chunk_01,feature_1_lag1,-0.079739533895368,1.04286576389707
lgbm_combine_chunk_01,feature_21_lag0,0.230326044998257,-1.11957817346788
lgbm_combine_chunk_01,feature_7_lag0,0.102437743412491,1.20060034104631
lgbm_combine_chunk_01,feature_1_lag2,-0.0106637037631915,-1.5802541205481
lgbm_combine_chunk_01,feature_7_lag1,0.120103469239872,-0.812182726482551
lgbm_combine_chunk_01,feature_6_lag0,-0.000626228270302752,-0.571206851481709
lgbm_combine_chunk_01,feature_5_lag0,-0.0174598287584443,1.97407111209651
lgbm_combine_chunk_01,feature_13_lag0,-0.135204395494071,0.928565986264318
lgbm_combine_chunk_01,feature_1_lag0,0.0424882204030945,1.06131983647338
lgbm_combine_chunk_01,feature_12_lag0,0.0644577814229645,1.66418462883395
lgbm_combine_chunk_01,feature_1_lag1,0.0606328921913204,0.668520308060021
lgbm_combine_chunk_01,feature_21_lag0,-0.0989143976164133,2.72406599692134
lgbm_combine_chunk_01,feature_7_lag0,0.0990334449113657,0.275555227811411
lgbm_combine_chunk_01,feature_1_lag2,-0.114565490278447,-0.341465937011913
lgbm_combine_chunk_01,feature_7_lag1,0.0325780733447763,-0.75132451420347
lgbm_combine_chunk_01,feature_6_lag0,-0.159512033756657,0.294562400583601
lgbm_combine_chunk_01,feature_5_lag0,-0.0924295391099614,0.555057624734443
lgbm_combine_chunk_01,feature_13_lag0,0.151959824148661,0.581692771609874
lgbm_combine_chunk_01,feature_1_lag0,-0.0960226346894167,0.209762439834122
lgbm_combine_chunk_01,feature_12_lag0,-0.0630857112274719,-0.123909783236091
lgbm_combine_chunk_01,feature_1_lag1,-0.199596707222229,0.489929403770486
lgbm_combine_chunk_01,feature_21_lag0,-0.0564137765321698,-1.50466130573829
lgbm_combine_chunk_01,feature_7_lag0,-0.185003855661505,0.264730657246931
lgbm_combine_chunk_01,feature_1_lag2,-0.128147495269681,-0.90439745451369
lgbm_combine_chunk_01,feature_7_lag1,-0.102746844058158,0.854651355023906
lgbm_combine_chunk_01,feature_6_lag0,0.0776749909306813,0.923144526188867
lgbm_combine_chunk_01,feature_5_lag0,0.095851270699093,0.0493369242786611
lgbm_combine_chunk_01,feature_13_lag0,0.0591945153326671,1.24320278691866
lgbm_combine_chunk_01,feature_1_lag0,0.130991447024331,1.80822111593373
lgbm_combine_chunk_01,feature_12_lag0,-0.0345049209548267,1.21743222947804
lgbm_combine_chunk_01,feature_1_lag1,-0.0682253841361038,-0.174807492832301
lgbm_combine_chunk_01,feature_21_lag0,-0.102259361165995,0.0341730288235495
lgbm_combine_chunk_01,feature_7_lag0,-0.151796757053714,-0.683968770723505
lgbm_combine_chunk_01,feature_1_lag2,-0.0674278882421449,-0.649260626201586
lgbm_combine_chunk_01,feature_7_lag1,0.0351189415958027,0.912138183808077
lgbm_combine_chunk_01,feature_6_lag0,-0.0726102923850054,0.711152325438305
lgbm_combine_chunk_01,feature_5_lag0,-0.00820446395231415,0.376268865323195
lgbm_combine_chunk_01,feature_13_lag0,0.025487326764773,-0.841058259882533
lgbm_combine_chunk_01,feature_1_lag0,0.137236998877608,0.651660616190131
lgbm_combine_chunk_01,feature_12_lag0,-0.110751972612475,1.08727922746357
lgbm_combine_chunk_01,feature_1_lag1,0.0122506047811011,-3.09607459346866
lgbm_combine_chunk_01,feature_21_lag0,-0.216139412804557,0.568651400395322
lgbm_combine_chunk_01,feature_7_lag0,0.0306440975629038,0.429209964191158
lgbm_combine_chunk_01,feature_1_lag2,-0.166099600497519,0.000611088833270258
lgbm_combine_chunk_01,feature_7_lag1,-0.0447412654930952,0.65945031225222
lgbm_combine_chunk_01,feature_6_lag0,-0.19326570608231,-1.07159352233614
lgbm_combine_chunk_01,feature_5_lag0,-0.140442641221489,-1.03805167877285
lgbm_combine_chunk_01,feature_13_lag0,0.0169499965819447,-1.05310566969646
lgbm_combine_chunk_01,feature_1_lag0,-0.159526097806821,-0.875203135805612
lgbm_combine_chunk_01,feature_12_lag0,-0.0451497360055842,-0.488375030125614
lgbm_combine_chunk_01,feature_1_lag1,-0.0156496531909724,0.103367363834891
lgbm_combine_chunk_01,feature_21_lag0,-0.0121913396866365,0.898641493436734
lgbm_combine_chunk_01,feature_7_lag0,0.0643801646440762,0.399263984033854
lgbm_combine_chunk_01,feature_1_lag2,0.00345361833163125,-0.484889534798734
lgbm_combine_chunk_01,feature_7_lag1,0.00825150136763912,-0.466498125482705
lgbm_combine_chunk_01,feature_6_lag0,-0.0595517774102745,-0.235182899448315
lgbm_combine_chunk_01,feature_5_lag0,-0.0161183775341968,1.54181759751305
lgbm_combine_chunk_01,feature_13_lag0,0.0378269043003067,-0.423698404281062
lgbm_combine_chunk_01,feature_1_lag0,-0.0870076036842158,0.830441869498638
lgbm_combine_chunk_01,feature_12_lag0,-0.0887600007301708,0.484796112280923
lgbm_combine_chunk_01,feature_1_lag1,-0.0263557722144413,-0.0587313339578648
lgbm_combine_chunk_01,feature_21_lag0,0.0332866201185824,0.767377799679897
lgbm_combine_chunk_01,feature_7_lag0,0.0075706373418005,1.18011956180834
lgbm_combine_chunk_01,feature_1_lag2,0.237579014018281,-1.34113608322606
lgbm_combine_chunk_01,feature_7_lag1,-0.0605155679224049,-0.717089251349761
lgbm_combine_chunk_01,feature_6_lag0,0.0853624341092148,0.350998462251188
lgbm_combine_chunk_01,feature_5_lag0,-0.0261930457247627,0.585178473048839
lgbm_combine_chunk_01,feature_13_lag0,-0.113635826272362,1.69323891680139
lgbm_combine_chunk_01,feature_1_lag0,-0.136447414362462,2.21037597653499
lgbm_combine_chunk_01,feature_12_lag0,-0.00536608377135685,0.841351273570428
lgbm_combine_chunk_01,feature_1_lag1,0.136615579567333,-1.17947582465875
lgbm_combine_chunk_01,feature_21_lag0,-0.00807374950590191,-0.133575695062275
lgbm_combine_chunk_01,feature_7_lag0,-0.0253061938524672,-0.841196737639022
lgbm_combine_chunk_01,feature_1_lag2,-0.0665433411106017,-1.12183170788757
lgbm_combine_chunk_01,feature_7_lag1,0.00279381646914855,0.243794563455724
lgbm_combine_chunk_01,feature_6_lag0,0.00588429413421651,-0.931577854762406
lgbm_combine_chunk_01,feature_5_lag0,-0.058520831219555,-0.0336925260971455
lgbm_combine_chunk_01,feature_13_lag0,0.195869608791086,0.30122116768257
lgbm_combine_chunk_01,feature_1_lag0,-0.0160856889718563,-1.30333920126006
lgbm_combine_chunk_01,feature_12_lag0,0.0285453280158377,-1.29742779144376
lgbm_combine_chunk_01,feature_1_lag1,-0.0939912504806443,-0.368571098165322
lgbm_combine_chunk_01,feature_21_lag0,0.0416374869686526,-1.09573218949423
lgbm_combine_chunk_01,feature_7_lag0,-0.0546374573679868,-1.31961148352722
lgbm_combine_chunk_01,feature_1_lag2,-0.157890582523933,-0.269615145041877
lgbm_combine_chunk_01,feature_7_lag1,0.0457763132441423,0.0222984925380132
lgbm_combine_chunk_01,feature_6_lag0,-0.0924674142794425,-0.338187603252287
lgbm_combine_chunk_01,feature_5_lag0,0.0254342363349647,2.08808292877685
lgbm_combine_chunk_01,feature_13_lag0,-0.0795077134108489,-0.789054648355985
lgbm_combine_chunk_01,feature_1_lag0,-0.0237063929654528,0.198168186706551
lgbm_combine_chunk_01,feature_12_lag0,0.0292709092072421,-1.4742712367886
lgbm_combine_chunk_01,feature_1_lag1,0.0322318046268876,-2.26282395069778
lgbm_combine_chunk_01,feature_21_lag0,-0.0514009792470654,-1.06726476366357
lgbm_combine_chunk_01,feature_7_lag0,0.0984291636456671,1.49405337318489
lgbm_combine_chunk_01,feature_1_lag2,0.108198401916105,-0.604935749057668
lgbm_combine_chunk_01,feature_7_lag1,0.0282081182789313,-1.06385665096336
lgbm_combine_chunk_01,feature_6_lag0,-0.0827174690191124,2.25661586801839
lgbm_combine_chunk_01,feature_5_lag0,-0.156640809025458,-0.303112624400323
lgbm_combine_chunk_01,feature_13_lag0,0.158648698622141,0.138354816989352
lgbm_combine_chunk_01,feature_1_lag0,-0.0174021368254347,0.603726916840942
lgbm_combine_chunk_01,feature_12_lag0,0.0392114250571321,2.55142889737019
lgbm_combine_chunk_01,feature_1_lag1,-0.219951471377738,1.23124267716096
lgbm_combine_chunk_01,feature_21_lag0,-0.0489020965086845,0.643246023132896
lgbm_combine_chunk_01,feature_7_lag0,-0.12991745042655,-0.841829780906015
lgbm_combine_chunk_01,feature_1_lag2,0.0918755269369051,-0.777313599430387
lgbm_combine_chunk_01,feature_7_lag1,0.0594322697864641,0.41744360900149
lgbm_combine_chunk_01,feature_6_lag0,-0.0315951888677457,0.287254451452582
lgbm_combine_chunk_01,feature_5_lag0,-0.0341520794385655,0.842638801925505
lgbm_combine_chunk_01,feature_13_lag0,0.0412224447673781,0.420527990156944
